{
  "Version": "2019-10-30",
  "StartAction": "475faacc-d292-49d7-ac7d-2ed5d79d39e9",
  "Metadata": {
    "entryPointPosition": {
      "x": 40,
      "y": 40
    },
    "ActionMetadata": {
      "b441a3cf-7d5c-4728-b6aa-e4e6b7a998bd": {
        "position": {
          "x": 1486.4,
          "y": 378.4
        }
      },
      "5604e489-dfda-4c84-97d4-c5b173ba56b7": {
        "position": {
          "x": 1197.6,
          "y": 268.8
        }
      },
      "e37b84b4-bf92-4edc-b2e7-0b27abeb10de": {
        "position": {
          "x": 5191.2,
          "y": -62.4
        }
      },
      "87978b57-17fa-4a4e-9110-f7b68f2a1352": {
        "position": {
          "x": 3761.6,
          "y": -1.6
        },
        "conditions": [],
        "conditionMetadata": [
          {
            "id": "7b1b4736-9b33-4d4a-ab10-0996d71abf50",
            "operator": {
              "name": "Equals",
              "value": "Equals",
              "shortDisplay": "="
            },
            "value": "true"
          }
        ]
      },
      "6b7fa387-8e44-4eea-80f6-600db6e880bd": {
        "position": {
          "x": 2506.4,
          "y": -884.8
        }
      },
      "d3bc1f4e-b672-49b1-ae81-687fc379dcf3": {
        "position": {
          "x": 799.2,
          "y": 396
        }
      },
      "6b954df4-19d8-462f-8241-66b8c08b0ac4": {
        "position": {
          "x": 917.6,
          "y": 128.8
        },
        "conditions": [],
        "conditionMetadata": [
          {
            "id": "f8299ce6-926c-4953-9b1d-e0aec13d82f5",
            "operator": {
              "name": "Equals",
              "value": "Equals",
              "shortDisplay": "="
            },
            "value": "Sí"
          }
        ]
      },
      "475faacc-d292-49d7-ac7d-2ed5d79d39e9": {
        "position": {
          "x": 236.8,
          "y": 127.2
        }
      },
      "adc8fe5d-469d-4ef9-b0db-8873c9b651c5": {
        "position": {
          "x": 540,
          "y": 128.8
        },
        "parameters": {
          "LexV2Bot": {
            "AliasArn": {
              "displayName": "TestBotAlias",
              "useLexBotDropdown": true,
              "lexV2BotName": "000-PostContactSurveyBot"
            }
          },
          "LexTimeoutSeconds": {
            "Text": {
              "unit": 60
            }
          }
        },
        "dynamicMetadata": {
          "questionId": false
        },
        "useLexBotDropdown": true,
        "lexV2BotName": "000-PostContactSurveyBot",
        "lexV2BotAliasName": "TestBotAlias",
        "conditionMetadata": [
          {
            "id": "5b09eb03-56ff-44a6-acb1-2e0f935f4e43",
            "operator": {
              "name": "Equals",
              "value": "Equals",
              "shortDisplay": "="
            },
            "value": "SurveyAccept"
          }
        ]
      }
    },
    "Annotations": [],
    "name": "SurveyModuleChat",
    "description": "Post-contact survey flow for WhatsApp channel supporting both complete and partial survey responses with conditional logic for additional feedback collection",
    "status": "published",
    "hash": {}
  },
  "Actions": [
    {
      "Parameters": {},
      "Identifier": "b441a3cf-7d5c-4728-b6aa-e4e6b7a998bd",
      "Type": "DisconnectParticipant",
      "Transitions": {}
    },
    {
      "Parameters": {
        "Text": "¡Muchas gracias por elegir nuestros canales digitales!\n\n¡Hasta Pronto! "
      },
      "Identifier": "5604e489-dfda-4c84-97d4-c5b173ba56b7",
      "Type": "MessageParticipant",
      "Transitions": {
        "NextAction": "b441a3cf-7d5c-4728-b6aa-e4e6b7a998bd",
        "Errors": [
          {
            "NextAction": "b441a3cf-7d5c-4728-b6aa-e4e6b7a998bd",
            "ErrorType": "NoMatchingError"
          }
        ]
      }
    },
    {
      "Parameters": {},
      "Identifier": "e37b84b4-bf92-4edc-b2e7-0b27abeb10de",
      "Type": "DisconnectParticipant",
      "Transitions": {}
    },
    {
      "Parameters": {
        "ComparisonValue": "$.Attributes.flag"
      },
      "Identifier": "87978b57-17fa-4a4e-9110-f7b68f2a1352",
      "Type": "Compare",
      "Transitions": {
        "NextAction": "49e3c976-4506-4584-9418-5dd2655f1983",
        "Conditions": [
          {
            "NextAction": "cd4a588e-fba7-4bc9-9529-fb525025e340",
            "Condition": {
              "Operator": "Equals",
              "Operands": [
                "true"
              ]
            }
          }
        ],
        "Errors": [
          {
            "NextAction": "49e3c976-4506-4584-9418-5dd2655f1983",
            "ErrorType": "NoMatchingCondition"
          }
        ]
      }
    },
    {
      "Parameters": {
        "Text": "¡Tu opinión es muy importante para nosotros!\n\nTe invitamos a realizar una breve encuesta de satisfacción relacionada con tu experiencia durante la conversación con el asesor. \n"
      },
      "Identifier": "475faacc-d292-49d7-ac7d-2ed5d79d39e9",
      "Type": "MessageParticipant",
      "Transitions": {
        "NextAction": "adc8fe5d-469d-4ef9-b0db-8873c9b651c5",
        "Errors": [
          {
            "NextAction": "adc8fe5d-469d-4ef9-b0db-8873c9b651c5",
            "ErrorType": "NoMatchingError"
          }
        ]
      }
    },
    {
      "Parameters": {
        "LexInitializationData": {
          "InitialMessage": "SURVEY ACCEPT"
        },
        "LexV2Bot": {
          "AliasArn": "UPDATE_WITH_YOUR_BOT_ARN"
        },
        "LexSessionAttributes": {
          "questionId": "0"
        },
        "LexTimeoutSeconds": {
          "Text": "600"
        }
      },
      "Identifier": "adc8fe5d-469d-4ef9-b0db-8873c9b651c5",
      "Type": "ConnectParticipantWithLexBot",
      "Transitions": {
        "NextAction": "d3bc1f4e-b672-49b1-ae81-687fc379dcf3",
        "Conditions": [
          {
            "NextAction": "6b954df4-19d8-462f-8241-66b8c08b0ac4",
            "Condition": {
              "Operator": "Equals",
              "Operands": [
                "SurveyAccept"
              ]
            }
          }
        ],
        "Errors": [
          {
            "NextAction": "3870c26e-6592-4a52-85d6-18d8c4302b73",
            "ErrorType": "InputTimeLimitExceeded"
          },
          {
            "NextAction": "d3bc1f4e-b672-49b1-ae81-687fc379dcf3",
            "ErrorType": "NoMatchingCondition"
          },
          {
            "NextAction": "d3bc1f4e-b672-49b1-ae81-687fc379dcf3",
            "ErrorType": "NoMatchingError"
          }
        ]
      }
    },
    {
      "Parameters": {
        "Text": "¡Lo siento! 😓 No logré entender tu respuesta, asegúrate que hayas seleccionado la opción correcta. "
      },
      "Identifier": "d3bc1f4e-b672-49b1-ae81-687fc379dcf3",
      "Type": "MessageParticipant",
      "Transitions": {
        "NextAction": "adc8fe5d-469d-4ef9-b0db-8873c9b651c5",
        "Errors": [
          {
            "NextAction": "adc8fe5d-469d-4ef9-b0db-8873c9b651c5",
            "ErrorType": "NoMatchingError"
          }
        ]
      }
    },
    {
      "Parameters": {
        "ComparisonValue": "$.Lex.Slots.surveyConfirmation"
      },
      "Identifier": "6b954df4-19d8-462f-8241-66b8c08b0ac4",
      "Type": "Compare",
      "Transitions": {
        "NextAction": "5604e489-dfda-4c84-97d4-c5b173ba56b7",
        "Conditions": [
          {
            "NextAction": "6e98934a-42ff-49d5-9dd8-ff17df734b0d",
            "Condition": {
              "Operator": "Equals",
              "Operands": [
                "Sí"
              ]
            }
          }
        ],
        "Errors": [
          {
            "NextAction": "5604e489-dfda-4c84-97d4-c5b173ba56b7",
            "ErrorType": "NoMatchingCondition"
          }
        ]
      }
    },
    {
      "Parameters": {
        "Text": "¡La encuesta ha expirado!\n\nGracias por tu tiempo.\n\n¡Hasta pronto!\n"
      },
      "Identifier": "3870c26e-6592-4a52-85d6-18d8c4302b73",
      "Type": "MessageParticipant",
      "Transitions": {
        "NextAction": "6b7fa387-8e44-4eea-80f6-600db6e880bd",
        "Errors": [
          {
            "NextAction": "6b7fa387-8e44-4eea-80f6-600db6e880bd",
            "ErrorType": "NoMatchingError"
          }
        ]
      }
    },
    {
      "Parameters": {},
      "Identifier": "6b7fa387-8e44-4eea-80f6-600db6e880bd",
      "Type": "DisconnectParticipant",
      "Transitions": {}
    },
    {
      "Parameters": {
        "Text": "¡Muchas gracias por tu tiempo! \n\nTu opinión es muy importante para nosotros y tus respuestas nos ayudarán a mejorar cada día más.\n"
      },
      "Identifier": "49e3c976-4506-4584-9418-5dd2655f1983",
      "Type": "MessageParticipant",
      "Transitions": {
        "NextAction": "e37b84b4-bf92-4edc-b2e7-0b27abeb10de",
        "Errors": [
          {
            "NextAction": "e37b84b4-bf92-4edc-b2e7-0b27abeb10de",
            "ErrorType": "NoMatchingError"
          }
        ]
      }
    }
  ],
  "Settings": {
    "InputParameters": [],
    "OutputParameters": [],
    "Transitions": [
      {
        "DisplayName": "Success",
        "ReferenceName": "Success",
        "Description": ""
      },
      {
        "DisplayName": "Error",
        "ReferenceName": "Error", 
        "Description": ""
      }
    ]
  }
} 